{
  "locations": [
    [
      16.458315,
      107.575916
    ],
    [
      16.46845,
      107.579002
    ],
    [
      16.474661,
      107.58882
    ],
    [
      16.453472,
      107.544861
    ],
    [
      16.433105,
      107.567086
    ],
    [
      16.399228,
      107.584672
    ],
    [
      16.388851,
      107.572412
    ],
    [
      16.471649,
      107.590057
    ],
    [
      16.466488,
      107.581291
    ],
    [
      16.443912,
      107.577234
    ],
    [
      16.440265,
      107.568322
    ],
    [
      16.460831,
      107.594754
    ],
    [
      16.456633,
      107.554011
    ],
    [
      16.434077,
      107.555021
    ],
    [
      16.472911,
      107.582433
    ]
  ],
  "demands": [
    0,
    120,
    60,
    45,
    90,
    60,
    90,
    30,
    45,
    45,
    45,
    60,
    45,
    45,
    60
  ],
  "time_windows": [
    [
      480,
      1260
    ],
    [
      480,
      900
    ],
    [
      360,
      1020
    ],
    [
      480,
      1035
    ],
    [
      450,
      930
    ],
    [
      450,
      960
    ],
    [
      450,
      930
    ],
    [
      0,
      1410
    ],
    [
      420,
      975
    ],
    [
      480,
      975
    ],
    [
      480,
      975
    ],
    [
      420,
      960
    ],
    [
      480,
      975
    ],
    [
      360,
      1035
    ],
    [
      480,
      960
    ]
  ],
  "vehicle_capacities": [
    240
  ],
  "vehicle_time_windows": [
    [
      480,
      1260
    ]
  ],
  "num_vehicles": 1,
  "starts": [
    0
  ],
  "ends": [
    0
  ],
  "service_time": 0,
  "coord_type": "latlon",
  "is_locked_list": [
    true,
    false,
    false,
    false,
    false,
    false,
    false,
    false,
    false,
    false,
    false,
    false,
    false,
    false,
    false
  ],
  "categories": [
    null,
    "attraction",
    "attraction",
    "attraction",
    "attraction",
    "attraction",
    "attraction",
    "attraction",
    "attraction",
    "attraction",
    "attraction",
    "attraction",
    "attraction",
    "attraction",
    "attraction"
  ],
  "intensities": [
    null,
    "medium",
    "medium",
    "medium",
    "medium",
    "medium",
    "medium",
    "medium",
    "medium",
    "medium",
    "medium",
    "medium",
    "medium",
    "medium",
    "medium"
  ],
  "meal_assignments": {},
  "node_utilities": [
    0.0,
    0.5,
    0.5,
    0.5,
    0.5,
    0.5,
    0.5,
    0.5,
    0.5,
    0.5,
    0.5,
    0.5,
    0.5,
    0.5,
    0.5
  ],
  "fatigue_costs": [
    0,
    4,
    2,
    2,
    3,
    2,
    3,
    1,
    2,
    2,
    2,
    2,
    2,
    2,
    2
  ],
  "max_fatigue_per_day": 15,
  "is_outdoor_list": [
    false,
    false,
    false,
    false,
    false,
    false,
    false,
    false,
    false,
    false,
    false,
    false,
    false,
    false,
    false
  ],
  "distance_matrix": [
    [
      0.0,
      2.4726999999999997,
      3.0336999999999996,
      3.9057,
      4.6515,
      9.6997,
      16.5104,
      2.7281,
      2.2232,
      2.4551999999999996,
      4.643800000000001,
      2.347,
      2.8110999999999997,
      5.4395,
      3.348
    ],
    [
      2.7537,
      0.0,
      1.4538,
      5.4308000000000005,
      6.4555,
      11.5037,
      18.0355,
      1.1482999999999999,
      1.0553,
      4.2592,
      6.4478,
      2.5695,
      4.3362,
      7.9874,
      0.8752000000000001
    ],
    [
      3.0143,
      1.4113,
      0.0,
      5.6914,
      8.0023,
      13.0505,
      18.296200000000002,
      0.8132,
      1.316,
      4.5199,
      7.9947,
      2.1398,
      4.5969,
      8.2481,
      1.8822999999999999
    ],
    [
      3.8937,
      4.674,
      5.6998999999999995,
      0.0,
      5.8129,
      13.5933,
      13.6614,
      5.3943,
      4.5786999999999995,
      5.232,
      5.2366,
      6.3885,
      1.4365,
      5.917,
      5.5492
    ],
    [
      4.6515,
      6.0203,
      7.9973,
      8.5571,
      0.0,
      9.0035,
      21.161900000000003,
      7.6918,
      5.925,
      3.1056,
      1.0371,
      6.2661999999999995,
      7.4626,
      2.4977,
      6.8955
    ],
    [
      9.6997,
      11.0685,
      13.0455,
      13.6053,
      7.2634,
      0.0,
      26.210099999999997,
      12.74,
      10.9732,
      8.681,
      8.995899999999999,
      11.3144,
      12.5108,
      6.998399999999999,
      11.943700000000002
    ],
    [
      16.4984,
      17.2787,
      18.304599999999997,
      13.6614,
      18.4176,
      26.1981,
      0.0,
      17.9991,
      17.183400000000002,
      17.8368,
      17.8413,
      18.9932,
      14.0412,
      18.5217,
      18.1539
    ],
    [
      3.123,
      1.52,
      0.45289999999999997,
      5.8001000000000005,
      8.111,
      13.1592,
      18.4049,
      0.0,
      1.4247,
      4.6286000000000005,
      8.1033,
      2.2485,
      4.7055,
      8.3567,
      1.9563
    ],
    [
      2.2317,
      0.9144,
      1.9403,
      4.3754,
      6.5149,
      11.5631,
      16.9802,
      1.6348,
      0.0,
      4.3186,
      6.5073,
      2.629,
      3.2809,
      6.9321,
      1.7897
    ],
    [
      2.4551999999999996,
      3.824,
      4.5392,
      6.3609,
      3.1056,
      8.681,
      18.9656,
      4.2337,
      3.7288,
      0.0,
      2.1001,
      3.7953,
      5.2663,
      4.6217,
      4.6993
    ],
    [
      4.643800000000001,
      6.0127,
      7.9897,
      6.7225,
      1.0371,
      6.913600000000001,
      19.3273,
      7.6841,
      5.9174,
      2.1263,
      0.0,
      6.2586,
      5.6278999999999995,
      2.32,
      6.887899999999999
    ],
    [
      2.3573000000000004,
      2.1923000000000004,
      2.1848,
      6.4725,
      6.244800000000001,
      11.293,
      19.0772,
      1.8793,
      2.097,
      3.8055,
      6.2372,
      0.0,
      5.3778999999999995,
      7.760800000000001,
      3.0676
    ],
    [
      2.7990999999999997,
      3.5794,
      4.605300000000001,
      1.4365,
      4.7183,
      12.4988,
      14.0412,
      4.2997,
      3.4840999999999998,
      4.1373999999999995,
      4.142,
      5.2939,
      0.0,
      4.8224,
      4.4546
    ],
    [
      5.4318,
      7.5363,
      9.513399999999999,
      9.0733,
      2.4977,
      6.8264,
      21.678,
      9.207799999999999,
      7.4411000000000005,
      4.6217,
      2.32,
      7.7823,
      7.9787,
      0.0,
      8.4116
    ],
    [
      2.8515,
      0.8797999999999999,
      1.5515999999999999,
      5.5286,
      6.5533,
      11.6015,
      18.1334,
      1.2461,
      1.1532,
      4.357,
      6.5457,
      2.6674,
      4.434,
      8.0852,
      0.0
    ]
  ],