{
  "locations": [
    [
      16.4637,
      107.5909
    ],
    [
      16.4698,
      107.5786
    ],
    [
      16.4536,
      107.5542
    ],
    [
      16.4478,
      107.5667
    ],
    [
      16.4714,
      107.5843
    ]
  ],
  "demands": [
    0,
    120,
    60,
    90,
    60
  ],
  "time_windows": [
    [
      480,
      1260
    ],
    [
      480,
      1260
    ],
    [
      480,
      1260
    ],
    [
      480,
      1260
    ],
    [
      480,
      1260
    ]
  ],
  "vehicle_capacities": [
    600
  ],
  "num_vehicles": 1,
  "depot": 0,
  "service_time": 0,
  "coord_type": "latlon",
  "is_locked_list": [
    true,
    true,
    false,
    false,
    false
  ],
  "categories": [
    null,
    "palace",
    "temple",
    "heritage",
    "market"
  ],
  "intensities": [
    null,
    "heavy",
    "heavy",
    "heavy",
    "medium"
  ],
  "node_utilities": [
    0.0,
    1.0,
    0.8,
    0.9,
    0.7
  ],
  "fatigue_costs": [
    0,
    6,
    3,
    4,
    2
  ],
  "max_fatigue_per_day": 15,
  "is_outdoor_list": [
    false,
    false,
    false,
    false,
    false
  ],
  "vehicle_speed": 1.0,
  "distance_matrix": [
    [
      0.0,
      1.4766083791810154,
      4.0715906597199405,
      3.1282268439002343,
      1.1083276975680454
    ],
    [
      1.4766083791810154,
      0.0,
      3.164647422929949,
      2.7558456620299485,
      0.6333063694431005
    ],
    [
      4.0715906597199405,
      3.164647422929949,
      0.0,
      1.4808528741668223,
      3.770950296798159
    ],
    [
      3.1282268439002343,
      2.7558456620299485,
      1.4808528741668223,
      0.0,
      3.226286105954764
    ],
    [
      1.1083276975680454,
      0.6333063694431005,
      3.770950296798159,
      3.226286105954764,
      0.0
    ]
  ],
  "time_matrix": [
    [
      0,
      20859,
      30429,
      27769,
      12649
    ],
    [
      8859,
      12000,
      24987,
      25535,
      9799
    ],
    [
      24429,
      30987,
      6000,
      17885,
      28625
    ],
    [
      18769,
      28535,
      14885,
      9000,
      25357
    ],
    [
      6649,
      15799,
      28625,
      28357,
      6000
    ]
  ]
}